1840e0b9d4,other,Продукты
4e4f90fcfb,context,Электроника
afea8d72fc,other,Электроника
2824221f38,email,Продукты
373a6055fe,other,Бытовая техника
9b2ab046f3,other,Электроника
9f39d307c3,context,Электроника
44edeffc91,context,Продукты
704474fa2d,other,Продукты
1de31be403,other,Бытовая техника
5da0dedf13,context,Досуг
b71f36a5e4,other,Продукты
79843a685a,context,Продукты
ff68cee0d6,context,Бытовая техника
e8447c40e2,email,Досуг
b9ef8fdf47,other,Продукты
98d290be27,other,Электроника
3fff459bda,other,Электроника
fa0079a5a8,other,Досуг
fdd6b2fc76,context,Бытовая техника
54ecd881a2,other,Бытовая техника
22d2f03a17,context,Досуг
c9fa1b54d5,other,Продукты
3f8e1ccd3f,other,Электроника
81a9988b83,context,Электроника